,Unnamed: 0,x,y,z,uptime,class
36172,36172,1.4022882754654673,-0.2708140371266152,9.65353960028826,710.0799999999999,6
36173,36173,1.5427381393511883,0.5018326138796674,8.9434084724593,710.1000000000004,6
36174,36174,0.8042708029101853,0.3044342950430261,9.398482509776311,710.119999999999,6
36175,36175,1.0100305850298876,-0.1771603921068157,9.7577449807643,710.1399999999994,6
36176,36176,0.7465690399830747,-0.3595118551412621,8.561508625300435,710.1599999999999,6
36177,36177,1.1782167626234217,-0.213140738202747,8.503437113295744,710.1800000000003,6
36178,36178,0.6760673467325802,0.7019319577190677,9.893769703402349,710.1999999999989,6
36179,36179,0.2784743600164372,1.0471308472430891,10.12561553882717,710.2099999999991,6
36180,36180,0.8869766243163579,0.3695145137928354,9.31662576411734,710.2299999999996,6
36181,36181,0.7493207353886836,-0.5549786864607535,9.148715750648984,710.25,6
36182,36182,0.4531394648538812,-0.4743933637639923,9.992223360663246,710.2700000000004,6
36183,36183,0.6218728201931514,0.5586420108128636,10.026938393114351,710.289999999999,6
36184,36184,0.4538224198806997,1.0151457516862905,9.469478626858365,710.3099999999995,6
36185,36185,0.8404081163138021,0.0835978635803837,9.595176675785057,710.3299999999999,6
36186,36186,0.0135436813866682,-0.944943568757008,9.664394367396062,710.3500000000004,6
36187,36187,0.8619106441128412,-0.5036531302768159,9.640582860754616,710.369999999999,6
36188,36188,0.548463387867919,1.1168203853124516,9.710927822552318,710.3899999999994,6
36189,36189,0.3899137598708542,1.0828986999698405,10.246008070620338,710.4099999999999,6
36190,36190,0.4080358787145322,-0.2099783000749009,9.870417518855623,710.4300000000003,6
36191,36191,0.3848311427125992,-1.1513194580295405,9.11400859420504,710.4499999999989,6
36192,36192,1.7847927063195188,-0.1171374010276853,9.688695452260184,710.4699999999993,6
36193,36193,0.401369234904708,0.8471306362711615,10.267836728668676,710.4899999999998,6
36194,36194,0.4258672593710031,0.5290538709983328,10.152967599993444,710.5100000000002,6
36195,36195,0.8607144830525666,-0.3112639284082192,9.322495037271512,710.5299999999988,6
36196,36196,1.4333594975655113,-0.2788381494037284,8.965672000338435,710.5499999999993,6
36197,36197,1.180286446165974,0.0537555855693345,9.119153773619878,710.5699999999997,6
36198,36198,1.0484129246398697,0.4082657155045321,9.070823112287592,710.5900000000001,6
36199,36199,0.8147885239937667,0.0830092775781126,9.15263919149196,710.6099999999988,6
36200,36200,1.1485544924806348,-0.2869102307064484,9.3381875917603,710.6299999999992,6
36201,36201,1.3414973007386015,-0.0071889421287245,9.14375208507635,710.6499999999996,6
36202,36202,0.6781343699967939,-0.6846122170714164,9.339329900504424,710.6700000000001,6
36203,36203,-0.029980340362707,-0.446733773854624,9.772488386237242,710.6900000000005,6
36204,36204,0.345667850124558,0.3319649976169945,9.836703371826705,710.7099999999991,6
36205,36205,0.9409848778534028,0.7009555832424543,9.637091379204517,710.7299999999996,6
36206,36206,0.9114138906762008,0.310397333105203,9.851334687310258,710.7399999999998,6
36207,36207,0.3410080581159924,-0.3567388834161118,9.995201947676929,710.7600000000002,6
36208,36208,0.5241220966436515,-0.1519094196037258,9.683994711416696,710.7799999999988,6
36209,36209,0.2438555412221053,0.5701095348951206,9.126313651552314,710.7999999999993,6
36210,36210,0.9479788533325292,1.0670684430596538,9.67979650815126,710.8199999999997,6
36211,36211,1.2065510858394752,0.5896287319304596,10.233935462387494,710.8400000000001,6
36212,36212,0.3232624568115234,-0.3011638105766678,9.363124030934308,710.8599999999988,6
36213,36213,0.5965563406164205,-0.1786775296820945,8.946893709130814,710.8799999999992,6
36214,36214,0.4658333875042341,0.4897519849005285,9.759474281059909,710.8999999999996,6
36215,36215,0.2094845900840347,0.5332908301392281,10.566067982283666,710.9200000000001,6
36216,36216,0.8836014136222019,0.1173909662693009,10.307821125844406,710.9400000000005,6
36217,36217,0.7111302897098741,-0.5419560535312713,9.804669688615808,710.9599999999991,6
36218,36218,0.3973383334755,-0.3579630877436315,9.776463669725388,710.9799999999996,6
36219,36219,0.7049060283398791,0.3649797564175703,10.465583267528576,711.0,6
36220,36220,0.4520050243410283,0.355970420397345,10.018766071667317,711.0200000000004,6
36221,36221,0.7259277945257185,-0.3585070976978599,9.448469940248902,711.039999999999,6
36222,36222,0.5488826829888476,-0.7078685171113095,9.345868262535747,711.0599999999995,6
36223,36223,0.3089145999023959,-0.2827357243302728,9.092162273978303,711.0799999999999,6
36224,36224,0.4554632807731837,0.4522391372164763,9.311321214624238,711.1000000000004,6
36225,36225,0.5208161103312614,0.4290386839655493,9.2681540876766,711.119999999999,6
36226,36226,0.9334060237485148,-0.1002644300349597,9.29716129080674,711.1399999999994,6
36227,36227,0.8887724486388162,-0.5363963150399087,9.4134278778568,711.1599999999999,6
36228,36228,0.2374769427735406,-0.25290269344397,9.288044617089891,711.1800000000003,6
36229,36229,0.6512026493656364,0.2136698390764122,9.481984849467588,711.1999999999989,6
36230,36230,0.9823756479473462,0.086150151914504,9.326952904672464,711.2199999999993,6
36231,36231,1.4864079187315424,-0.2457715239186331,9.384550815192124,711.2399999999998,6
36232,36232,0.6688872084949926,-0.0695698808249654,9.315285673853744,711.25,6
36233,36233,0.7424785240175851,0.4789115163644268,9.455124495542016,711.2700000000004,6
36234,36234,0.9896972171287252,0.282504512011009,9.589741230141932,711.2999999999993,6
36235,36235,0.8531236647409097,-0.5132102361652797,9.537160722258433,711.3099999999995,6
36236,36236,0.8981184699468145,-0.5323289499457227,9.439333122252766,711.3299999999999,6
36237,36237,0.3376718764238751,0.3433765113977534,9.484889309292017,711.3500000000004,6
36238,36238,0.8353235334018869,1.4173586155283022,9.675140389280912,711.369999999999,6
36239,36239,0.9791606293894032,1.29880597653289,9.705907042331951,711.3899999999994,6
36240,36240,0.922077695178512,0.0129089150591132,9.334695260836265,711.4099999999999,6
36241,36241,0.5964339947037658,-0.9243178995545528,9.488692452566552,711.4300000000003,6
36242,36242,1.049040093767026,-0.103610321145882,10.093976889999428,711.4499999999989,6
36243,36243,1.4134289067218315,1.332676063882296,9.893179504881706,711.4699999999993,6
36244,36244,0.8163484846663778,1.1275437775084605,9.825601469450886,711.4899999999998,6
36245,36245,0.0238798073493811,-0.1054800577044634,9.990703826481948,711.5100000000002,6
36246,36246,1.0380346370512177,-0.5029609586239676,10.597775772233854,711.5299999999988,6
36247,36247,0.9138317449393516,-0.227861382760186,9.618860258225398,711.5499999999993,6
36248,36248,1.1132935434102444,0.5197021593907696,9.31063769702851,711.5699999999997,6
36249,36249,0.5463975062345945,0.5645018883170305,10.074014570585389,711.5900000000001,6
36250,36250,0.3550680531256556,-0.03565307558957,9.911104829247632,711.6099999999988,6
36251,36251,0.7522736760113387,-0.0816357321347451,8.865960477894907,711.6299999999992,6
36252,36252,0.956954932193984,0.1567377979416191,9.201992151246184,711.6499999999996,6
36253,36253,0.4640972240649468,0.3677932009438791,10.027413510755816,711.6700000000001,6
36254,36254,0.525104395885593,-0.1226421578586478,10.000876048172712,711.6900000000005,6
36255,36255,0.832782637219283,-0.5369422316986316,9.034861652847791,711.7099999999991,6
36256,36256,0.5191828294606018,-0.1066067306515208,9.253366609387232,711.7299999999996,6
36257,36257,0.0970589984398984,0.7033454692636019,9.93518951170006,711.75,6
36258,36258,0.1938044838464101,1.0248846308565076,9.549736686284184,711.7700000000004,6
36259,36259,1.021219172030241,0.2764670157079738,9.06156530749878,711.7799999999988,6
36260,36260,0.9479513072673726,-0.560576071554804,9.284627925733142,711.7999999999993,6
36261,36261,0.1014747630347995,-0.7126107493660214,9.45602840882099,711.8199999999997,6
36262,36262,0.9851664659323855,-0.049892849383859,9.544457438894987,711.8400000000001,6
36263,36263,0.97597694363505,-0.1004665266629438,8.967334319094181,711.8599999999988,6
36264,36264,0.8608360288483312,-0.0666742077050503,9.353322938842584,711.8799999999992,6
36265,36265,0.3557025670679126,0.109764215287484,9.787130822225407,711.8999999999996,6
36266,36266,0.1724967706754152,0.3123051047132357,9.472876465651956,711.9200000000001,6
36267,36267,0.358214158488487,0.201650039113268,9.14114380732754,711.9400000000005,6
36268,36268,0.6007127119443754,-0.2168604020966897,9.272612251617645,711.9599999999991,6
36269,36269,0.4188141054024483,-0.2480578132530118,9.271405176095309,711.9799999999996,6
36270,36270,1.0134640596700004,0.3471889874712559,9.537421784316848,712.0,6
36271,36271,0.9593164804126264,0.7036603589565829,9.73116750170565,712.0200000000004,6
36272,36272,-0.0720670657542958,0.3346107455456282,9.648003080077888,712.039999999999,6
36273,36273,0.6598787821881551,0.1850369836657197,9.818668832160784,712.0599999999995,6
36274,36274,0.2224328172663867,-0.2809262591321806,9.55905943545944,712.0799999999999,6
36275,36275,0.246069090602421,-0.1921823579088295,9.890547235900442,712.1000000000004,6
36276,36276,-0.1123157698403298,0.093773865244441,10.325164412748398,712.119999999999,6
36277,36277,0.1278398079269234,0.0744048148560665,9.885688954090329,712.1399999999994,6
36278,36278,0.3262119365706706,-0.0316646372703575,9.36389356439988,712.1599999999999,6
36279,36279,0.1810544318518623,-0.1007182553673207,9.684406057353362,712.1800000000003,6
36280,36280,0.0117110432086402,0.251334892566426,10.143310402516454,712.1999999999989,6
36281,36281,0.528685662887181,0.2536729639254584,10.07343334711054,712.2199999999993,6
36282,36282,0.3862133711575455,-0.1741494544111912,9.43379166366265,712.2399999999998,6
36283,36283,0.4335848002569378,-0.2916043568823081,9.753365432468438,712.2600000000002,6
36284,36284,-0.1110374130902069,-0.2854593533117725,9.95850737415836,712.2799999999988,6
36285,36285,0.0383587183860516,0.3802632684363605,9.536424159108105,712.2999999999993,6
36286,36286,0.3676990279488628,0.7074734738784336,9.251122979921371,712.3199999999997,6
36287,36287,-0.0587082061985206,0.3265508303998601,9.359616648346035,712.3299999999999,6
36288,36288,0.038725162518463,-0.3679802750064054,9.552913053313926,712.3500000000004,6
36289,36289,0.1087338676013194,-0.4862880506584335,9.202118877744963,712.369999999999,6
36290,36290,0.4052950805457065,-0.4971495912069015,9.013821209978657,712.3899999999994,6
36291,36291,0.0133070857064561,-0.388600624420987,9.493937886269157,712.4099999999999,6
36292,36292,-0.0472677963284446,0.0466270924251479,9.995640444286767,712.4300000000003,6
36293,36293,0.1684385147251621,0.4694168177960689,9.65688359184735,712.4499999999989,6
36294,36294,0.0015580262737566,0.2531267299008339,9.182666418273332,712.4699999999993,6
36295,36295,0.4396368811677086,-0.3148529489903193,9.714737512488195,712.4899999999998,6
36296,36296,0.2540477135114045,-0.5039564013181423,9.913581878924912,712.5100000000002,6
36297,36297,0.3113726492681024,-0.1000137400704543,9.74408390027035,712.5299999999988,6
36298,36298,0.4491693305785871,0.1807071784677383,9.3194541642007,712.5499999999993,6
36299,36299,0.0985687200902263,-0.0597996825803788,9.167320303604244,712.5699999999997,6
36300,36300,0.4956710308675305,-0.3354431187046787,9.582241430430471,712.5900000000001,6
36301,36301,0.5146405651730905,-0.1261554152457584,9.479218839778666,712.6099999999988,6
36302,36302,0.3803928174223832,-0.073581924775615,9.345669821905071,712.6299999999992,6
36303,36303,-0.1021463987942623,-0.1423268520364151,9.428979784963078,712.6499999999996,6
36304,36304,0.0108002985317359,-0.1047961801673569,9.64442868501108,712.6700000000001,6
36305,36305,0.2095860682504327,0.03129882530461,9.483531792075071,712.6900000000005,6
36306,36306,0.0228536547140967,-0.1766716893567395,9.487803139790095,712.7099999999991,6
36307,36307,-0.1564819989875019,-0.0060266235987782,9.800595802680265,712.7299999999996,6
36308,36308,-0.1745410228318284,0.2633636180172374,9.796172407406692,712.75,6
36309,36309,0.2185288429335914,0.131847433776258,9.64438560767777,712.7700000000004,6
36310,36310,0.2632222025437016,0.0220464791024674,9.658722931301211,712.789999999999,6
36311,36311,0.0424456818761784,-0.0117575922330717,9.901638764033708,712.8099999999995,6
36312,36312,0.0119458741343194,0.2405728209612689,9.800533940504714,712.8299999999999,6
36313,36313,0.1917088208646724,0.0694490666550571,9.411110663228053,712.8500000000004,6
36314,36314,0.4819193395071268,-0.220549921902502,9.6120721294621,712.8599999999988,6
36315,36315,-0.1921736155106193,-0.3161595594025688,9.649014140089204,712.8799999999992,6
36316,36316,0.1287198662865263,0.1455347713794132,9.54819413595181,712.8999999999996,6
36317,36317,0.1853675803163099,0.4742647667127446,9.58705759673205,712.9200000000001,6
36318,36318,0.3059221920898736,0.1133868927279682,9.800196790086924,712.9400000000005,6
36319,36319,0.0744543218197687,-0.4517223317013294,9.686084778019756,712.9599999999991,6
36320,36320,0.4942525812377774,-0.5501675619522715,9.191544876155682,712.9799999999996,6
36321,36321,0.5478337891761398,-0.1362133440566211,9.253962041711963,713.0,6
36322,36322,-0.1318832116207726,0.3175856748358683,9.628667135285482,713.0200000000004,6
36323,36323,0.2178937851162636,0.4308192604952392,9.720735598375184,713.039999999999,6
36324,36324,0.514640897204675,0.0244249965375438,9.2436108909265,713.0599999999995,6
36325,36325,0.5001555191081726,-0.3463267096876494,9.298865865130082,713.0799999999999,6
36326,36326,0.2520874868613912,-0.3934252858580771,9.693775353041952,713.1000000000004,6
36327,36327,-0.0138808091315407,-0.1094221170284655,9.761112413007709,713.119999999999,6
36328,36328,0.3634805168148567,0.3750679949689015,9.778790704303326,713.1399999999994,6
36329,36329,-0.233214325928559,0.4346872649994289,9.479954685540546,713.1599999999999,6
36330,36330,-0.1453032115635188,0.1899538652308363,9.60263546662918,713.1800000000003,6
36331,36331,0.4066765229383797,0.25511078499094,9.620531394147802,713.1999999999989,6
36332,36332,0.2179710503703091,-0.1541396839659476,9.227430290695391,713.2199999999993,6
36333,36333,0.2827652034388137,-0.3525780267643146,10.023370881084844,713.2399999999998,6
36334,36334,-0.2212444540928695,-0.3933963443229635,10.527084090661033,713.2600000000002,6
36335,36335,0.0208891305913018,-0.385320723926835,10.226887476213095,713.2799999999988,6
36336,36336,0.2481312248960852,-0.4483787091189604,9.519161480829457,713.2999999999993,6
36337,36337,-0.0781769380529411,-0.4987827266815481,9.737808615259487,713.3199999999997,6
36338,36338,-0.337808552337808,-0.4051912734751015,10.580541851898692,713.3400000000001,6
36339,36339,-0.4629236285169241,0.1842011475541972,10.322512697490328,713.3599999999988,6
36340,36340,0.2395612080859521,0.1836962790710821,9.594102730719094,713.3799999999992,6
36341,36341,0.4717010934187122,0.0112440551368973,9.321954603449049,713.3899999999994,6
36342,36342,-0.0418535385999518,-0.0499599775221604,9.57344794678682,713.4099999999999,6
36343,36343,0.0512384781993269,0.3816971713977954,9.583469400991175,713.4300000000003,6
36344,36344,0.4984224627208151,0.4889033231596578,9.239857449422445,713.4499999999989,6
36345,36345,0.3279904532336086,-0.1893700935058575,8.905817595575066,713.4699999999993,6
36346,36346,0.3596068729488273,-0.1378403887640438,9.1979621232001,713.4899999999998,6
36347,36347,0.2602358954366135,0.2738381176925841,9.547711312249756,713.5100000000002,6
36348,36348,0.1954791543533005,0.6853608178794186,9.592016657456291,713.5299999999988,6
36349,36349,0.0834641384344969,0.2384208776005252,9.483927063117871,713.5499999999993,6
36350,36350,0.1970112918355537,-0.5739989587624699,9.62800840844834,713.5699999999997,6
36351,36351,-0.0503044206623133,-0.6566109628620582,9.499789844799198,713.5900000000001,6
36352,36352,-0.1014713796957025,0.0416222898256144,9.54262380630024,713.6099999999988,6
36353,36353,0.2318367198720103,0.9634429784490736,9.709230258950296,713.6299999999992,6
36354,36354,-0.0039342744373946,0.751034365153016,9.612780537826715,713.6499999999996,6
36355,36355,0.1863445265490511,-0.2585489941394234,9.648296139163342,713.6700000000001,6
36356,36356,0.4542854639626479,-0.3578379316675519,9.804548337514952,713.6900000000005,6
36357,36357,-0.2594857143021896,-0.2127990270371107,9.4456314943612,713.7099999999991,6
36358,36358,0.4426346462408439,0.1136510234949437,9.796337570847518,713.7299999999996,6
36359,36359,0.1990203541198454,0.0003914892019327,9.935285265001058,713.75,6
36360,36360,-0.4256772791834557,-0.5834927130965966,9.684671143058935,713.7700000000004,6
36361,36361,-0.2347567529168994,-0.0447377341302299,9.572699018707784,713.789999999999,6
36362,36362,0.5132992161674093,0.5478947718814116,9.6757189622953,713.8099999999995,6
36363,36363,0.5138597438759334,0.3452456643556818,9.721427033429327,713.8299999999999,6
36364,36364,1.1605692660282774,0.0934262256716991,9.923826695687945,713.8500000000004,6
36365,36365,1.4269733672947833,-0.291609187493604,9.413488855725175,713.869999999999,6
36366,36366,3.8130164047514414,0.3579104668577297,9.959142929924807,713.8899999999994,6
36367,36367,2.958694022297081,0.62486500414159,9.637682238005253,713.9099999999999,6
36368,36368,3.4326865619657223,0.9382947535240048,10.503221669551,713.9200000000001,6
36369,36369,2.1477227155002616,0.7006089498247405,9.990878643221745,713.9400000000005,6
36370,36370,3.692279718610052,0.6816766661146731,9.850965401067588,713.9599999999991,6
36371,36371,3.4408958661087183,1.1193586116517338,9.628262775712004,713.9799999999996,6
36372,36372,2.951312512248961,1.382801851662805,10.026407984222391,714.0,1
36373,36373,2.0513983709464227,1.2104586151111931,10.601389402775547,714.0200000000004,1
36374,36374,2.08394548456387,1.456480851758542,10.250495318404854,714.039999999999,1
36375,36375,2.641058402609083,1.4083958838882396,9.353342548301429,714.0599999999995,1
36376,36376,3.72836835164307,1.4787772701565842,9.656564479939444,714.0799999999999,1
36377,36377,3.2048427318471155,1.2191477833466564,9.879119753997804,714.1000000000004,1
36378,36378,2.326550571773584,1.0377518308394826,9.927214064709505,714.119999999999,1
36379,36379,1.6562194458218542,1.2514083774930498,9.405758607983564,714.1399999999994,1
36380,36380,2.957683249748378,1.6267386195632412,9.747979632572571,714.1599999999999,1
36381,36381,3.3815398257284244,1.6189533850532527,10.146417754846077,714.1800000000003,1
36382,36382,2.3676617861721443,0.5825949197452438,9.837827428368351,714.1999999999989,1
36383,36383,1.7680112427920136,0.1624756498841115,9.523693913559502,714.2199999999993,1
36384,36384,1.6549738649736412,0.6852168414861524,9.52436495102652,714.2399999999998,1
36385,36385,2.911924096260593,1.2828862023207748,9.89815645371914,714.2600000000002,1
36386,36386,3.702558479647976,1.2410729088111054,10.047845859702306,714.2799999999988,1
36387,36387,2.535613369403938,0.4858629510573813,9.753544321809414,714.2999999999993,1
36388,36388,1.5034951402236114,0.6326111536077654,9.6628917922738,714.3199999999997,1
36389,36389,1.3565030137674583,0.994873394512183,9.348307946328728,714.3400000000001,1
36390,36390,1.807689018716772,1.142955361870435,9.082167702731148,714.3599999999988,1
36391,36391,2.73888667380254,0.948575472645338,10.390403971180698,714.3799999999992,1
36392,36392,1.947640893008174,0.5837630585911455,10.683500750102256,714.3999999999996,1
36393,36393,2.1481664144361723,0.7301097004785646,10.236160569961829,714.4200000000001,1
36394,36394,2.724665329996303,0.829576008969795,9.68832814319735,714.4300000000003,1
36395,36395,1.5815399787084683,0.7497746453888112,9.431999385090093,714.4499999999989,1
36396,36396,0.8202677131874765,0.8898136474466298,10.147493836842072,714.4699999999993,1
36397,36397,0.2806175442607355,0.9224781553558188,9.545324769450396,714.5,1
36398,36398,1.9614323277217809,0.7395616241586538,9.74705343363644,714.5100000000002,1
36399,36399,1.5283191260049849,0.0576310926984167,10.024264892447992,714.5299999999988,1
36400,36400,0.9071028752567828,0.0681880242516506,11.118366789358337,714.5499999999993,1
36401,36401,1.1458182457118582,0.5155716782259105,11.095365906103186,714.5699999999997,1
36402,36402,2.640050518925264,1.0866407977428736,10.393372614146742,714.5900000000001,1
36403,36403,2.580327363831138,1.3410443775469505,10.257511217402838,714.6099999999988,1
36404,36404,1.0955867755226585,0.7776853607528764,10.79519551834776,714.6299999999992,1
36405,36405,1.207368846843881,0.5575160572178532,10.625862349265152,714.6499999999996,1
36406,36406,1.6501952582992754,0.884156192168323,9.360878635943156,714.6700000000001,1
36407,36407,2.292968018025121,1.2532924909101055,10.13199106816213,714.6900000000005,1
36408,36408,-0.0721689776850702,0.1084875847988087,10.961239677674186,714.7099999999991,1
36409,36409,0.0301794242417221,-0.7886030982680627,10.820904003882283,714.7299999999996,1
36410,36410,1.687559030281435,-0.1907857124257983,9.2779096909227,714.75,1
36411,36411,1.1925063638597244,0.9616352098423278,9.043431041725308,714.7700000000004,1
36412,36412,-0.77364357399982,1.4043589760058808,11.54891168853711,714.789999999999,1
36413,36413,-0.8126759030221855,0.7483282051327791,11.855956662994853,714.8099999999995,1
36414,36414,2.361931128254394,-0.5936656749302465,8.504569738620058,714.8299999999999,1
36415,36415,2.705579603201201,-0.911402279732556,7.884185244744616,714.8500000000004,1
36416,36416,-0.1602713673049436,1.1288215468131355,10.774258659706504,714.869999999999,1
36417,36417,-2.124977299120445,2.3777685759154537,12.57442303489286,714.8899999999994,1
36418,36418,0.445460781289789,0.6444237833222601,10.523744790793392,714.9099999999999,1
36419,36419,2.645449565094239,-1.924971429652828,8.609782141845482,714.9300000000003,1
36420,36420,1.0608639784304317,-0.6465689075224099,11.233965540492925,714.9499999999989,1
36421,36421,-1.1646842692284023,1.5137628966368837,12.208704968752318,714.9599999999991,1
36422,36422,0.3973000768103105,1.9918629828803065,10.362391902743584,714.9799999999996,1
36423,36423,2.103213700687684,0.0217626621951083,7.922288472918841,715.0,1
36424,36424,1.7375152401249174,-1.643442224855434,7.992265430217843,715.0200000000004,1
36425,36425,-0.2328498963548924,-0.473110102432809,9.448233651104845,715.039999999999,1
36426,36426,-1.095443518041776,1.4943135361523616,10.799199570952371,715.0599999999995,1
36427,36427,1.390708000885411,1.798448503575571,10.349064441986464,715.0799999999999,1
36428,36428,2.5228410403221795,0.0521458573075577,10.234299014297298,715.1000000000004,1
36429,36429,-0.0654812843808803,-0.9975684506624498,10.048146333496538,715.119999999999,1
36430,36430,-0.5794916043010545,0.3964532245922498,10.416298339206843,715.1399999999994,1
36431,36431,0.0628479469703222,0.8043910573938433,9.608754593666507,715.1599999999999,1
36432,36432,0.7345739102310143,-0.3090267559674782,9.950649338499575,715.1800000000003,1
36433,36433,1.0120312944017371,-1.7312241984690218,10.226805456427076,715.1999999999989,1
36434,36434,0.7145787781966391,-0.1610298238253733,10.21350572686266,715.2199999999993,1
36435,36435,-0.4542710501249445,1.5874978318067008,10.06702745783969,715.2399999999998,1
36436,36436,-0.5150898448262708,1.3513536188452662,10.73818027332954,715.2600000000002,1
36437,36437,0.3633339605941934,-0.0374480372802601,10.767663384624722,715.2799999999988,1
36438,36438,1.4085491967864527,-0.9777530759831592,9.241420536645304,715.2999999999993,1
36439,36439,0.5485685681646366,-0.0870168349723314,8.323481276609076,715.3199999999997,1
36440,36440,0.3284834121866566,0.5383734140485146,10.108173034737266,715.3400000000001,1
36441,36441,-0.1828522380752417,0.0760071958620614,10.37865000490178,715.3599999999988,1
36442,36442,0.2988902497333789,-0.3528407664643751,10.307161066565854,715.3799999999992,1
36443,36443,0.4798626496650424,-0.3099016507103354,9.779486804492452,715.3999999999996,1
36444,36444,0.6272450087800543,0.0305942644398271,9.799281567675749,715.4200000000001,1
36445,36445,-0.8344123659181477,-0.162787964659266,9.631871186103387,715.4400000000005,1
36446,36446,-0.4597854009224562,0.4411676202373513,10.842865565689593,715.4599999999991,1
36447,36447,-0.3514224704875595,-0.2912974187643016,9.573096201756062,715.4799999999996,1
36448,36448,0.6917090658295768,-0.4554111107897691,9.336177479103268,715.4899999999998,1
36449,36449,0.1319963383149911,0.2492387418213155,9.802990750498246,715.5100000000002,1
36450,36450,-0.7257344829461516,0.9364823730162684,10.015161244441671,715.5299999999988,1
36451,36451,0.1613048932585314,0.8113542958813298,10.017796733511972,715.5499999999993,1
36452,36452,0.7276657880117057,0.3744744781035365,8.476977152433179,715.5699999999997,1
36453,36453,1.956703519858558,0.1805822780859625,9.793472839573626,715.5900000000001,1
36454,36454,-1.8464568060753488,-1.0332929692887198,9.142263309649206,715.6099999999988,1
36455,36455,-0.7961583262054432,0.4887829554243552,10.950980438560164,715.6299999999992,1
36456,36456,-0.0437019627012489,0.4691370672151507,9.926545073366292,715.6499999999996,1
36457,36457,-0.0221672390943012,0.1050273030647872,10.484304609938595,715.6700000000001,1
36458,36458,-1.738870822723488,-0.3107450358341879,10.78678512252407,715.6900000000005,1
36459,36459,0.2608806068874116,0.2375499152317388,10.492035982926597,715.7099999999991,1
36460,36460,1.6971703529522006,-0.1780604698550423,9.440718454513998,715.7299999999996,1
36461,36461,0.8512909780539957,0.0539915231462941,12.630395497012303,715.75,1
36462,36462,-4.049835818920723,0.5167154126092797,7.754059253655358,715.7700000000004,1
36463,36463,3.955027200544297,2.4680199701636383,8.863671049154068,715.789999999999,1
36464,36464,1.1383740988586195,-0.6964490721650805,7.4324588603647825,715.8099999999995,1
36465,36465,-1.532468433297394,-2.579392905884717,13.19843943705559,715.8299999999999,1
36466,36466,-3.198440359635107,-1.6354715525739998,11.4487350419912,715.8500000000004,1
36467,36467,0.5767475299939377,1.147622578099032,8.638735931927467,715.869999999999,1
36468,36468,0.9801039610517536,1.1121611670258318,8.932655688995393,715.8899999999994,1
36469,36469,-2.777528745478129,-0.1910028314140177,11.203783789031274,715.9099999999999,1
36470,36470,-1.905856987628212,-0.0829733558879866,12.256628825325418,715.9300000000003,1
36471,36471,-0.0288995203588164,0.3231634983407403,10.579477444002723,715.9499999999989,1
36472,36472,-0.140033111881177,0.6810608152341615,9.524998761680994,715.9699999999993,1
36473,36473,-0.5733461619833804,-0.1002151564907336,9.726261089175622,715.9899999999998,1
36474,36474,0.1468225825057914,-1.5418366971451647,10.301679002677668,716.0100000000002,1
36475,36475,-1.5659233200698708,-2.2245809310724667,9.678238628620788,716.0200000000004,1
36476,36476,-1.734111241677322,-1.1015054605551704,8.759235352975423,716.039999999999,1
36477,36477,-0.1328893597099298,0.1577945458787049,7.631369304719334,716.0599999999995,1
36478,36478,1.396002404728474,-0.6493830907489908,8.894860094372302,716.0799999999999,1
36479,36479,-1.2907289265670236,-1.8722812281333423,9.393394518651585,716.1000000000004,1
36480,36480,-1.6388398737702303,-0.1429962967553919,10.433612174005251,716.119999999999,1
36481,36481,-0.9424204664051103,1.3756099422104882,9.380347704765049,716.1399999999994,1
36482,36482,-0.6257714380185533,1.5828841805228109,9.195753589020883,716.1599999999999,1
36483,36483,-1.094287795103163,-0.9690470362841168,10.18150035393056,716.1800000000003,1
36484,36484,-1.3762165398559318,-3.502474106369114,9.826829223164411,716.1999999999989,1
36485,36485,0.3314678573648235,-0.717523287159997,10.461720006798304,716.2199999999993,1
36486,36486,-0.5540863503708806,1.7726458056563956,10.463556163837472,716.2399999999998,1
36487,36487,-0.8801818760556372,0.8436580590025642,10.22157812679684,716.2600000000002,1
36488,36488,0.5025590591906024,-2.985241498801969,9.027878468460727,716.2799999999988,1
36489,36489,-0.1107341178171879,-3.0693822334098257,8.828952428222447,716.2999999999993,1
36490,36490,-0.7425843284502136,0.5138825463561361,9.385041903322564,716.3199999999997,1
36491,36491,-2.0314720971327205,1.891572089149797,9.648895955416696,716.3400000000001,1
36492,36492,-1.086367221438877,0.23164663301187,8.726987761221375,716.3599999999988,1
36493,36493,-0.4716539720950337,-2.666981020106657,9.172953195373427,716.3799999999992,1
36494,36494,-2.0334071410479577,-1.7171466275415046,9.951611621942694,716.3999999999996,1
36495,36495,-0.8363026249403163,1.1722104529155928,10.590844667174572,716.4200000000001,1
36496,36496,-0.0708784746035675,1.6485804032029705,10.187853816178231,716.4400000000005,1
36497,36497,-0.6569965597946625,-0.8170643508501509,10.58718322364436,716.4599999999991,1
36498,36498,-1.3886537888807349,-2.2163363301930694,10.39801664039545,716.4799999999996,1
36499,36499,-1.9094663894313089,-0.669923949190899,9.56974428027448,716.5,1
36500,36500,-1.964124350117871,0.1549533876132258,8.321868838697933,716.5200000000004,1
36501,36501,-0.2761399753526889,-0.9970572649659974,9.613350443649551,716.539999999999,1
36502,36502,-1.9211318223428144,-1.849891412825201,9.771418288985709,716.5499999999993,1
36503,36503,-1.5185861992468013,0.6166150800053813,11.09913188565639,716.5699999999997,1
36504,36504,-1.7320270311728336,0.9411964378050186,9.488199848048437,716.5900000000001,1
36505,36505,1.1907603437915082,0.4794245997305992,9.727428892863536,716.6099999999988,1
36506,36506,-0.0343502219854316,-0.7668932812060234,9.791973190645445,716.6299999999992,1
36507,36507,-1.5265993418456638,-0.2784804297744117,11.258403200447264,716.6499999999996,1
36508,36508,-1.6184062267296255,0.927491594127602,10.834865556989904,716.6700000000001,1
36509,36509,0.5915081478207327,1.0165140399457329,9.817902775777508,716.6900000000005,1
36510,36510,1.0078164656157291,-1.8460530960007235,8.20142176858573,716.7099999999991,1
36511,36511,0.2664589636558254,-1.204474235454704,9.883472326415657,716.7299999999996,1
36512,36512,-1.6106963849681009,-0.1081711724434058,11.37999682467172,716.75,1
36513,36513,-1.8532622792419888,-0.4178371356102133,10.80968666778394,716.7700000000004,1
36514,36514,0.297934236615788,-1.6200766792543675,9.876246219448774,716.789999999999,1
36515,36515,-1.1469652833216235,-1.693217836242571,8.100448271881879,716.8099999999995,1
36516,36516,-1.8914410899098613,0.1594871348600435,9.629622873479429,716.8299999999999,1
36517,36517,-2.3239724794561525,0.3137900477426072,8.909561978826726,716.8500000000004,1
36518,36518,0.5385346031331402,0.029642534617075,9.792674041375015,716.869999999999,1
36519,36519,-1.6992206734589883,-2.3579510070864806,8.757441042600394,716.8899999999994,1
36520,36520,-3.046788024860411,-1.688630852162481,10.168457975898214,716.9099999999999,1
36521,36521,-3.118517291807594,-0.3170882737870926,9.31123893032574,716.9300000000003,1
36522,36522,1.1913578357115109,1.655175788638715,9.294332552684237,716.9499999999989,1
36523,36523,-0.2381487069432033,-0.157085388184786,8.353224406174736,716.9699999999993,1
36524,36524,-3.066629451212465,-1.5453538396622335,10.189621377543272,716.9899999999998,1
36525,36525,-4.148800078308291,-1.3148677592059703,9.395373188553222,717.0100000000002,6
36526,36526,1.374036392944987,-1.011987782983006,9.510851514733773,717.0299999999988,6
36527,36527,0.4893637178265067,-2.781613218891572,8.466173287344873,717.0499999999993,6
36528,36528,-3.151226147614254,-1.6810099457266496,10.865967272971654,717.0599999999995,6
36529,36529,-5.587504267710244,-0.8815431587349849,10.704232061892242,717.0799999999999,6
36530,36530,-0.1077016538430584,0.2510689901125644,10.604838798243629,717.1000000000004,6
36531,36531,-0.1763261718544697,-1.8604923492477208,8.4145693171738,717.119999999999,6
36532,36532,-1.885072500132136,-1.8183276011207283,9.590732351054942,717.1399999999994,6
36533,36533,-3.481283929271239,0.6485268971949116,10.871790182847915,717.1599999999999,6
36534,36534,-3.022689504074336,3.3481994718842003,11.059591267900018,717.1800000000003,6
36535,36535,-2.71503144016998,1.3952498571037708,7.5423587289146,717.1999999999989,6
36536,36536,1.11088322186205,-1.7517477366724918,6.996940419794193,717.2199999999993,6
36537,36537,-0.9506272700752588,-3.3433431104049944,10.27386977335698,717.2399999999998,6
36538,36538,-4.499593714419282,-1.888896717138472,10.54177394362588,717.2600000000002,6
36539,36539,-0.7979530639376975,0.394182223464611,9.641654635520451,717.2799999999988,6
36540,36540,2.0809173059597086,-0.3938471071627631,9.248796069290442,717.2999999999993,6
36541,36541,-2.35088690837182,-2.033140066698593,8.577907462290105,717.3199999999997,6
36542,36542,-2.133317973383644,-0.2191725727317894,9.461147472056073,717.3400000000001,6
36543,36543,-0.5346543577123137,-0.3029873545040438,8.395835592456393,717.3599999999988,6
36544,36544,-0.7605992286745007,-2.122699375815172,8.766689356839514,717.3799999999992,6
36545,36545,-1.4169464749050604,-0.4974198696796179,9.678698767345136,717.3999999999996,6
36546,36546,-2.5645226945162705,1.5906715057065135,9.16488040610971,717.4200000000001,6
36547,36547,-3.426734241247523,0.9253078645506072,8.66870492551628,717.4400000000005,6
36548,36548,-2.717369994434662,-1.7059967826138631,9.372248055416907,717.4599999999991,6
36549,36549,-1.7719059181118055,-3.443780537841775,8.430065734441014,717.4799999999996,6
36550,36550,-1.8674272762015784,-0.6951978117513669,8.774218935783681,717.5,6
36551,36551,-1.469287579129535,1.4156771910624109,9.583102338774191,717.5200000000004,6
36552,36552,-1.788271808527984,-0.6659545451337023,8.122450884452158,717.539999999999,6
36553,36553,-2.3913700761108405,-1.3022796937983188,9.492183100407448,717.5599999999995,6
36554,36554,-3.3308173031904005,-0.7183406092628672,9.192246669950958,717.5799999999999,6
36555,36555,-1.810868694102376,-0.532642744361435,7.981640841123475,717.5900000000001,6
36556,36556,-1.2278699107268842,-0.4079391651467894,8.857919786226875,717.6099999999988,6
36557,36557,-2.912002172020713,-0.3091151644502581,10.193798653542215,717.6299999999992,6
36558,36558,-2.0214233202369734,0.2401143365039999,9.530514484835887,717.6499999999996,6
36559,36559,-0.2763190555917205,0.0992513623638409,7.483483017123934,717.6700000000001,6
36560,36560,-0.6161409909863593,-1.6102640608654752,8.673531444103801,717.6900000000005,6
36561,36561,-3.101093971047721,-1.0799690882071715,10.483682236440345,717.7099999999991,6
36562,36562,-2.660491912149606,2.344802810686426,10.280697420719813,717.7299999999996,6
36563,36563,-2.0051827602831747,2.076527552970636,8.040792144298274,717.75,6
36564,36564,-1.8471646121253509,-1.1444884037327396,8.984702876123775,717.7700000000004,6
36565,36565,-1.7045983903012711,-2.062726304827408,10.013585662234403,717.789999999999,6
36566,36566,-1.742816531364233,-0.7083727428964206,9.277430129825184,717.8099999999995,6
36567,36567,-2.322172438706504,1.5313348936118096,9.493707280967154,717.8299999999999,6
36568,36568,-2.5893535861447656,2.1633335432011283,9.82782607876957,717.8500000000004,6
36569,36569,-2.0758848737819378,0.0548557815814305,9.769988007375956,717.869999999999,6
36570,36570,-0.5609259416068362,-2.762082783476842,9.358593843170668,717.8899999999994,6
36571,36571,-1.999191916517642,-2.09260038951137,10.369809965010022,717.9099999999999,6
36572,36572,-3.077796119023948,0.6968632633015499,10.78857258242312,717.9300000000003,6
36573,36573,-0.1030928123177119,1.9664819268576783,8.349379115528738,717.9499999999989,6
36574,36574,-0.2776502478064593,-0.1485339695794181,8.763819524855206,717.9699999999993,6
36575,36575,-3.3658399792410005,-1.69106508191636,10.609573298607922,717.9899999999998,6
36576,36576,-1.6182118670874155,-0.7739945447083745,9.27156393539562,718.0100000000002,6
36577,36577,0.9217314777533973,-1.0289822168237208,6.148556752219756,718.0299999999988,6
36578,36578,-0.0624944690446298,-1.990275155388432,7.736994549608875,718.0499999999993,6
36579,36579,-3.196431812891952,-1.1434398802554888,11.49386180530971,718.0699999999997,6
36580,36580,-2.780585198428902,1.949468765300573,11.425781209566544,718.0900000000001,6
36581,36581,-0.756255453175612,2.1566210440722777,8.578090612991065,718.1099999999988,6
36582,36582,0.7948860584842663,-1.5183162107809205,9.159836386761611,718.1299999999992,6
36583,36583,-1.9116729446176848,-3.506066374059237,11.269658996659889,718.1399999999994,6
36584,36584,-2.797789103181131,-0.1252678650594347,11.202599724306186,718.1599999999999,6
36585,36585,-2.221677193887629,2.434194109939531,9.07838012656766,718.1800000000003,6
36586,36586,0.7664583862367991,0.2833800536457005,8.727536037940878,718.1999999999989,6
36587,36587,-1.0699662425120806,-2.6102044086051883,9.656937386668057,718.2199999999993,6
36588,36588,-2.5138130823533444,-2.031578069894973,11.615693481814104,718.2399999999998,6
36589,36589,-1.483940309788693,-0.6341547175459574,9.890232034335966,718.2600000000002,6
36590,36590,0.3686782071003822,-0.3070622291404632,7.754203804219514,718.2799999999988,6
36591,36591,-0.4658176390940345,-0.924104576613534,8.793386660194875,718.2999999999993,6
36592,36592,-2.502393456487227,-1.0269678224126615,10.20687002094592,718.3199999999997,6
36593,36593,-2.027430618714167,0.2119289315479804,10.99261143879865,718.3400000000001,6
36594,36594,-0.3192908067206019,0.1433588907416414,9.880263266344564,718.3599999999988,6
36595,36595,-0.0844723479225741,-1.127616713759631,8.633370616646708,718.3799999999992,6
36596,36596,-0.3674862638957208,-1.5225973265948696,9.2659527770057,718.3999999999996,6
36597,36597,-1.389211334773968,-0.5897743082820082,11.003855196426205,718.4200000000001,6
36598,36598,-1.3210691645378247,0.3816405959267905,10.307866845360426,718.4400000000005,6
36599,36599,0.1581695675342729,0.0218534027032148,7.931140350798383,718.4599999999991,6
36600,36600,0.4807785716457928,-1.2534178745851108,8.165163462524983,718.4799999999996,6
36601,36601,-1.9385402981573503,-1.2005629295422409,9.979195023703037,718.5,6
36602,36602,-1.8961481875857444,0.3992087795411283,11.322546647800122,718.5200000000004,6
36603,36603,-1.306846068611808,0.112670604247409,8.935347536782482,718.539999999999,6
36604,36604,0.4076184586177547,-1.1225793066218015,8.297589349235274,718.5599999999995,6
36605,36605,0.200237483888177,-1.6542834045629569,9.468751869684446,718.5799999999999,6
36606,36606,-1.4616863411930474,-0.4993377568072894,9.816722924373565,718.6000000000004,6
36607,36607,-1.469966662453242,0.5301471423615229,9.903347125096488,718.619999999999,6
36608,36608,-0.6634480135890204,0.0863955190957597,8.804728406224553,718.6399999999994,6
36609,36609,0.1733726626996894,-1.77858945242585,7.877387460114247,718.6499999999996,6
36610,36610,-0.5170885203954185,-1.474142667462896,9.456531358828205,718.6700000000001,6
36611,36611,-1.8902270165188924,-0.4083567658044273,10.473970168204414,718.6900000000005,6
36612,36612,-1.1582090763603627,0.0728744919391406,9.825751050998724,718.7099999999991,6
36613,36613,-0.0913476855134478,-0.5431527617019261,8.170499218770654,718.7299999999996,6
36614,36614,-0.1758961066617139,-0.9431013344690616,7.923242366835293,718.75,6
36615,36615,-0.8374855622995572,-0.3195729998990586,9.661949725879662,718.7700000000004,6
36616,36616,-1.7477129290294189,0.2253194994203511,11.034788132534294,718.789999999999,6
36617,36617,-1.30537461742842,-0.4253506725965792,10.43536795945584,718.8099999999995,6
36618,36618,-0.4892660590924862,-1.6750638462257896,9.528137775587936,718.8299999999999,6
36619,36619,-0.1206633797989553,-2.683531493040288,9.57965973561156,718.8500000000004,6
36620,36620,-0.419014850405578,-0.5983605238313221,9.798860684521692,718.869999999999,6
36621,36621,-0.3953604772695058,2.1786732546909064,8.217138631547083,718.8899999999994,6
36622,36622,0.3838513846909848,2.8186039297996395,7.240375175456602,718.9099999999999,6
36623,36623,-0.1291469421371727,-0.4935460038549135,9.35651178670182,718.9300000000003,6
36624,36624,-2.222371803799362,-3.3392008424223576,12.08530707798262,718.9499999999989,6
36625,36625,-1.7254817409004577,-1.3346197536812534,11.254527893902267,718.9699999999993,6
36626,36626,0.683588565637538,0.2306484136149595,8.45038068734776,718.9899999999998,6
36627,36627,1.907575088226356,-2.868131141659468,8.756159837010827,719.0100000000002,6
36628,36628,-0.0823205564022764,-2.335027180334346,11.349815994354197,719.0299999999988,6
36629,36629,-1.5991141175606105,0.2837013326520115,11.647672099832612,719.0499999999993,6
36630,36630,0.0234257464884066,1.7756726393266646,9.683248516945852,719.0699999999997,6
36631,36631,0.6808315478224714,1.1115315493673457,9.170980914643188,719.0900000000001,6
36632,36632,-0.6807222345112791,-1.713321241836148,10.415278734488767,719.1099999999988,6
36633,36633,-1.7101502380270066,-1.4413974093071855,9.781947141597536,719.1299999999992,6
36634,36634,-1.194359673100375,2.094483281663292,7.252471303331822,719.1499999999996,6
36635,36635,0.9440206232643789,4.065997448272611,8.142826633762539,719.1700000000001,6
36636,36636,-0.0121249592541783,0.2035746974509926,9.8213204246835,719.1900000000005,6
36637,36637,-0.67169722194798,-3.3232455567454373,10.59053644239744,719.1999999999989,6
36638,36638,-0.3755646672050154,-0.0567289027422339,11.886850886440223,719.2199999999993,6
36639,36639,-2.017109616346781,1.6027907297480013,10.80447344922089,719.2399999999998,6
36640,36640,0.88755252694992,-0.215239113844295,8.954056579574823,719.2600000000002,6
36641,36641,0.528359568732224,-3.7422449768828834,8.066939243432765,719.2799999999988,6
36642,36642,-1.178678045937044,-1.8038113748581488,9.994427299914548,719.2999999999993,6
36643,36643,0.519567435036949,0.2414633659289471,10.99741772453904,719.3199999999997,6
36644,36644,0.9270231071371704,0.8456404190056475,9.172510426766316,719.3400000000001,6
36645,36645,0.3910707333227474,0.2922984472129997,8.882889050989979,719.3599999999988,6
36646,36646,-1.2341450524382471,-1.1913891803997991,8.702814013722616,719.3799999999992,6
36647,36647,-1.647797932323794,-0.5876940868492895,8.49435280833231,719.3999999999996,6
36648,36648,0.2776821138275416,1.1590495145695208,9.799057299462538,719.4200000000001,6
36649,36649,-0.2450626804998048,0.2781827625802315,9.001008235546015,719.4400000000005,6
36650,36650,-0.4488322959312825,-2.0480009370783847,8.418753035372514,719.4599999999991,6
36651,36651,0.3267789700482115,-1.305007428772491,10.59264054981633,719.4799999999996,6
36652,36652,-0.8142325796016578,0.6900386243062249,10.674546663392558,719.5,6
36653,36653,-0.0764436677217403,1.1606721277879473,9.592006920296344,719.5200000000004,6
36654,36654,1.3347211331387403,-0.1761658923968667,9.100115891735026,719.539999999999,6
36655,36655,-0.4427818899802513,-2.498032731213094,9.58559827589572,719.5599999999995,6
36656,36656,-0.7936522703487494,-1.527062967423424,10.058143716659174,719.5799999999999,6
36657,36657,0.5367964323767778,0.601774529089532,9.303269268423596,719.6000000000004,6
36658,36658,-0.0194490708807375,1.37321634316757,9.530536855237589,719.619999999999,6
36659,36659,-0.7332177100321919,0.614341130199918,10.515335309503882,719.6399999999994,6
36660,36660,-0.0176408151743068,-0.9100174961057524,9.552049319880648,719.6599999999999,6
36661,36661,0.3540969694411382,-1.5391705014397226,8.980427290916662,719.6800000000003,6
36662,36662,0.0186034772743006,-0.083241582315539,10.633558134349004,719.6999999999989,6
36663,36663,-1.0658145337535192,0.6571479456696743,10.876042281070056,719.7199999999993,6
36664,36664,0.2470333716535622,0.1218792312881333,9.013508452109434,719.7299999999996,6
36665,36665,0.98998837433379,-1.3968963061495625,8.799282927896272,719.75,6
36666,36666,-0.3810288081379092,-0.9477918810489578,10.316170524048626,719.7700000000004,6
36667,36667,-0.4418420563746639,0.7872480468218295,9.985459235305065,719.789999999999,6
36668,36668,0.55360707159035,1.1564777110563202,8.760955530072007,719.8099999999995,6
36669,36669,0.4838457933374736,0.1620962071173162,9.572410393511332,719.8299999999999,6
36670,36670,-0.7623734620179228,-1.4516999733028069,9.642915425996508,719.8500000000004,6
36671,36671,0.2504154673145953,-0.4205194123774198,9.62892214247508,719.869999999999,6
36672,36672,0.040656438480946,0.9339558805653798,10.034227758245414,719.8899999999994,6
36673,36673,-0.3934539025655201,1.1185843207671058,10.6119948346326,719.9099999999999,6
36674,36674,-0.2733881282548509,-0.1901933728960367,9.170938998345488,719.9300000000003,6
36675,36675,1.5161878164976486,-1.2916843873748185,8.192891872934391,719.9499999999989,6
36676,36676,0.8917329578459232,-0.5334088348509249,9.515398727057567,719.9699999999993,6
36677,36677,-0.935061174801084,0.8380709508892243,10.615448486622048,719.9899999999998,6
36678,36678,-0.1457575667125521,0.999161765196278,9.651673849602012,720.0100000000002,6
36679,36679,1.3875077032999918,-0.4946422194944411,8.737882513982754,720.0299999999988,6
36680,36680,0.2603276490993962,-1.5140485471630123,9.594871068459735,720.0499999999993,6
36681,36681,-1.0214842434372775,-0.1442101882153643,10.544588773788975,720.0699999999997,6
36682,36682,0.0148602935058299,1.5714704108308712,10.66667492141965,720.0900000000001,6
36683,36683,0.4465828119312274,0.8145182125901238,9.631643461578122,720.1099999999988,6
36684,36684,0.1466468089329899,-1.4962284490758253,9.133608895906235,720.1299999999992,6
36685,36685,0.27694831376458,-1.3766714998119332,9.906087531646795,720.1499999999996,6
36686,36686,0.2414271572693014,0.341357571559473,9.651535263938992,720.1700000000001,6
36687,36687,0.570827610384077,1.3583415985466871,9.647826355355832,720.1900000000005,6
36688,36688,-0.3900570464911466,0.4726468000107413,9.516929386486307,720.2099999999991,6
36689,36689,0.4692566294210807,-0.5079453395183404,8.956126677765528,720.2299999999996,6
36690,36690,0.713046907010328,-0.853457183632063,8.58301746911465,720.25,6
36691,36691,0.5967111567051906,0.1451567843852022,9.225825295033562,720.2600000000002,6
36692,36692,0.2900260147842992,0.4370514450612388,9.86534406294143,720.2799999999988,6
36693,36693,-0.1806717520199425,-0.406734567431231,9.491062707643382,720.2999999999993,6
36694,36694,0.7994053493831212,-0.2952589202965114,9.157864507450062,720.3199999999997,6
36695,36695,0.5777499060891236,0.0736160615926913,9.645734554791847,720.3400000000001,6
36696,36696,-0.6655497762920843,0.294389537392969,10.141428427962648,720.3599999999988,6
36697,36697,-0.5432505449625431,0.2916600298479856,10.180895843854554,720.3799999999992,6
36698,36698,0.8045083457599778,0.0268559762415812,9.320688834035824,720.3999999999996,6
36699,36699,1.8174953168101016,-0.278249704375872,9.355476996903231,720.4200000000001,6
36700,36700,0.0373306330183839,-0.4121019744070217,10.163162324135936,720.4400000000005,6
36701,36701,-0.601927993180154,0.2828999670482321,10.122960227570625,720.4599999999991,6
36702,36702,0.8220209791983288,0.675707772879024,9.149791325778803,720.4799999999996,6
36703,36703,0.4851062189667009,-0.1390486958053145,8.659956007213337,720.5,6
36704,36704,0.0039986874857951,-0.2098339520855034,9.709318128867976,720.5200000000004,6
36705,36705,-0.135737431267211,0.5773718496104161,9.658614454410412,720.539999999999,6
36706,36706,0.1165052568286659,0.4033220739990462,8.695927515839129,720.5599999999995,6
36707,36707,0.6285583951518192,0.0875302724028568,9.415739274565611,720.5799999999999,6
36708,36708,0.6798582881988864,0.4964168156428048,9.488728245777969,720.6000000000004,6
36709,36709,-0.037011476851245,0.7323539732953623,9.225254399455077,720.619999999999,6
36710,36710,0.1720564226231369,0.5295613071426719,9.621524570979512,720.6399999999994,6
36711,36711,-0.2389223993185523,-0.4553572069531222,9.662034276579972,720.6599999999999,6
36712,36712,-0.0030755893837783,-0.4197711825728187,9.702111353827972,720.6800000000003,6
36713,36713,0.4931073577581168,0.1844757702638855,9.359449704481094,720.6999999999989,6
36714,36714,0.4289327366687529,0.773815242867931,8.785759719888912,720.7199999999993,6
36715,36715,0.9067576205095652,1.244088386230178,9.378801846109983,720.7399999999998,6
36716,36716,-0.1157493589335426,0.3019584973564955,10.035875785927164,720.7600000000002,6
36717,36717,0.1356244274959043,-0.3572634104773375,10.1069067118071,720.7799999999988,6
36718,36718,0.6323218552861126,-0.1446284053611624,9.175767414710291,720.789999999999,6
36719,36719,0.6479720296644996,0.7234887531578824,8.939834022944895,720.8099999999995,6
36720,36720,0.0973993250459552,0.945368231665176,10.330054524469569,720.8299999999999,6
36721,36721,-0.583848453060047,-0.0177261842830773,10.945166089315538,720.8500000000004,6
36722,36722,-0.2712891133099246,-0.1691721928320744,9.769818834367308,720.869999999999,6
36723,36723,0.2909649208639713,0.1641015630941815,8.593744209469776,720.8899999999994,6
36724,36724,0.2717632981670421,0.5277456143194472,8.780604942440547,720.9099999999999,6
